id;name;created_by;created_at;updated_at
1;Plastic Avon;Division reboot solution;2022-08-15T10:44:29;2022-08-15T14:50:32
2;Garden Data;navigating Rufiyaa;2022-08-14T15:24:13;2022-08-14T21:09:18
3;Unbranded Mouse;Integration input Home;2022-08-15T02:56:56;2022-08-15T06:33:59
4;THX JBOD Connecticut;recontextualize;2022-08-14T22:06:46;2022-08-14T21:11:05
5;Oregon magenta contingency;withdrawal copying;2022-08-15T08:48:44;2022-08-15T11:16:18
6;orchid Cotton Ruble;redefine optimal;2022-08-14T16:35:37;2022-08-15T04:36:21
7;copy Mississippi;success bifurcated;2022-08-14T23:15:58;2022-08-15T06:07:28
8;withdrawal matrix;incubate Beauty Delaware;2022-08-15T00:44:45;2022-08-15T14:24:24
9;1080p Yen Pre-emptive;Personal;2022-08-15T10:42:51;2022-08-15T09:16:43
10;Direct Licensed;Practical e-markets orange;2022-08-15T13:41:28;2022-08-15T11:01:56
