id;pp_amount;pp_auth_code;pp_bank_id;pp_bill_reference;pp_language;pp_merchant_id;pp_response_code;pp_response_message;pp_retreival_reference_no;pp_secure_hash;pp_settlement_expiry;pp_sub_merchant_id;pp_txn_currency;pp_txn_date_time;pp_txn_ref_no;pp_txn_type;pp_version;ppmbf_1;ppmbf_2;ppmbf_3;ppmbf_4;ppmbf_5
1;Wisconsin Germany SDD;withdrawal;capacitor;parse Monaco;neural wireless override;support parse;Kansas Salad plug-and-play;schemas pixel;card;Electronics;Market;Iowa program;Tasty;withdrawal;out-of-the-box Virginia Savings;Liberia back;Industrial;XML schemas;withdrawal Executive;optical;SSL Fantastic Locks;Gorgeous Forward Generic
2;mobile;Tasty;generating;GB Pakistan magenta;end-to-end Associate;open-source;Applications Investor;Light Product;Assurance;virtual up Forks;hybrid Legacy transmitting;action-items hard Gloves;incremental;index;National digital;Montana;Christmas solution-oriented;Licensed;Track South National;Strategist Senior;Loan;exploit Avon Fresh
3;SMS;calculating;Mississippi Incredible;Indiana hacking Pike;technologies Credit;Bike Fish partnerships;Shirt Sports;leading-edge Applications;clear-thinking;Account Concrete Wisconsin;Dakota lime;Fresh Investment;Rubber;Human;York Internal metrics;Unbranded;generate;optical SQL;incubate;Investment Krona Granite;Avon Montana Grenada;redefine back
4;Implementation Home grey;expedite Associate deposit;Berkshire quantifying;edge Ergonomic;Borders enterprise;Soap mesh methodical;Rial bypass;mobile digital;connecting Customer hybrid;Granite transform protocol;withdrawal connect;archive;Communications whiteboard;Account;fuchsia Account Singapore;Buckinghamshire Planner;SDD bandwidth;next;array back Garden;protocol;Up-sized District;matrix neural
5;Bedfordshire haptic generate;Refined;Engineer Fresh;extranet Practical program;synthesizing generating;Kyrgyz azure orchid;Outdoors Optimization SCSI;firewall Creative Account;Clothing Denar Berkshire;connect ubiquitous;Fresh;Intranet;open-source Cotton pink;Fresh;Communications;Principal Infrastructure Islands;Assistant Dynamic Planner;CSS;THX website;hacking global;calculate;Keyboard
6;Directives grid-enabled;Ball maximize viral;Small mobile;networks Rubber Technician;pixel revolutionize;quantifying metrics;Credit transform;Belarus Operative;Pound capability;Licensed;matrices exploit;Hawaii connecting;Soft Lodge New;Reactive;Frozen copying;Program;Ferry;Unbranded B2C;invoice implement tolerance;Avon;Dale;Barbados Gorgeous
7;maximized;Spur;Account Factors Borders;success;Awesome Fantastic Rustic;redundant user-centric;Account compressing;Kiribati redundant Loan;action-items supply-chains;Dynamic Human;virtual Sierra;input Jewelery;vertical;Rapids azure whiteboard;models;Republic;deliverables grow;Car Krona vortals;Islands;Loan Martin open-source;Loaf;calculating
8;Shoes;blockchains Auto;Arabia Account transmitting;experiences circuit;Guatemala;bypass;Burgs firewall;white Small;killer rich;quantify;Account Tuna e-commerce;deposit Minnesota Cotton;Paradigm Group Synergized;Pound Synergistic card;Data Health;Central Jewelery;Corporate International;boliviano Brooks;Branding;hacking Computers Gorgeous;Central;envisioneer value-added
9;Buckinghamshire visionary;grey capacity;empower;Electronics Principal Consultant;productivity Generic Iowa;Decentralized;networks Fantastic;online Synergistic;Market Towels e-services;Virtual neutral;Card Tactics;Sports Managed;Electronics dedicated synthesizing;Officer;Cotton cross-media Program;yellow Forward;non-volatile service-desk user-facing;Small;Rubber;Customizable Tools Generic;Hat contextually-based bypassing;optical Alabama sensor
10;Turkmenistan Berkshire Tasty;Quality-focused Unit Dinar;Pound Plastic Strategist;Manager CSS;Pants Innovative;Pass Dynamic virtual;deposit South Illinois;intranet;Pizza Bedfordshire;systems Soft;Tuna Nicaragua Soap;Steel Account Granite;program up Wooden;quantifying;Cedi;Avon Front-line Cambridgeshire;microchip modular;Research azure;Pants;neural;Pre-emptive Assistant;action-items extend
